<?xml version="1.0" encoding="UTF-8" standalone="yes"?>
<addon id="script.4qedfilters.xxx" name="4[COLOR limegreen]Q[/COLOR]ED XXX Script" version="2.2.1" provider-name="[COLOR lime]Serious Fork[/COLOR]">
  <requires>
    <import addon="xbmc.python" version="2.1.0"/>
    <import addon="script.module.addon.common" />
    <import addon="script.module.requests" />
    <import addon="script.module.httplib2" />
    <import addon="script.module.simplejson" /> 
    <import addon="script.common.plugin.cache" />


  </requires>
  <extension point="xbmc.python.pluginsource"       library="default.py">
    <provides>executable</provides>
  </extension>
  <extension point="xbmc.addon.metadata">
  <summary lang="en">4QED FILTERS XXX</summary>
  <description lang="en">No content is hosted by the addon creators[CR][COLORlime]Credits and thanks to The Perverted[/COLOR]</description>
  <disclaimer lang="en">Credits and thanks to The Perverted</disclaimer>
  <platform>all</platform>
  </extension>
</addon>