<?xml version="1.0" encoding="UTF-8"?>
    <addon id="repository.eim.forqed" name="[COLOR limegreen]EIM[/COLOR]4[COLOR limegreen]Q[/COLOR]ED [COLOR white]Repository[/COLOR]" version="3.0" provider-name="[COLOR lime]Serious Fork[/COLOR]">
        <requires>
            <import addon="xbmc.addon" version="12.0.0"/>
        </requires>
        <extension point="xbmc.addon.repository" name="[COLOR forestgreen]EIM4QED Repository[/COLOR]">
            <dir>
				<info compressed="false">https://raw.githubusercontent.com/CellarDoorTV/repo/master/addons.xml</info>
				<checksum>https://raw.githubusercontent.com/CellarDoorTV/repo/master/addons.xml.md5</checksum>
				<datadir zip="true">https://raw.githubusercontent.com/CellarDoorTV/repo/master/zips</datadir>
            <hashes>false</hashes>
			</dir>
            <dir>
                <info compressed="false">https://raw.githubusercontent.com/marcelveldt/repository.marcelveldt/master/addons.xml</info>
                <checksum>https://raw.githubusercontent.com/marcelveldt/repository.marcelveldt/master/addons.xml.md5</checksum>
                <datadir zip="true">https://raw.githubusercontent.com/marcelveldt/repository.marcelveldt/master/</datadir>
            </dir>
            <dir>
                <info compressed="false">https://raw.githubusercontent.com/jsergio123/zips/master/addons.xml</info>
                <checksum>https://raw.githubusercontent.com/jsergio123/zips/master/addons.xml.md5</checksum>
                <datadir zip="true">https://raw.githubusercontent.com/jsergio123/zips/master/</datadir>
            </dir>
        </extension>
        <extension point="xbmc.addon.metadata">
		<summary lang="en">EIM4QED Repository</summary>
		<description lang="en">Install [COLOR limegreen]EIM[/COLOR]4[COLOR limegreen]Q[/COLOR]ED and [COLOR limegreen]M[/COLOR]etalli[COLOR limegreen]Q[/COLOR] 4[COLOR limegreen]Q[/COLOR]ed for Leia 18.</description>
		<platform>all</platform>
    <assets>
        <icon>icon.png</icon>
        <fanart>fanart.jpg</fanart>      
    </assets>
	</extension>
</addon>
			