<?xml version="1.0" encoding="UTF-8" standalone="yes"?>
<addon id="plugin.video.metalliq-forqed" name="[COLOR limegreen]M[/COLOR]etalli[COLOR limegreen]Q[/COLOR] 4[COLOR limegreen]Q[/COLOR]ed" version="9.3.18" provider-name="[COLOR lime]Serious Fork[/COLOR]">
	<requires>
		<import addon="xbmc.python" version="2.19.0"/>
		<import addon="metadata.tvdb.com" version="3.0.14"/>
		<import addon="script.module.requests" version="2.9.1"/>
		<import addon="script.module.futures" version="2.2.0"/>
		<import addon="script.module.requests" version="2.19.1"/>
		<import addon="script.module.requests-cache" version="0.4.13"/>
	</requires>
	<extension point="xbmc.python.pluginsource" library="default.py">
		<provides>video audio</provides>
	</extension>
	<extension point="xbmc.service" library="service.py" start="login">
	</extension>
	<extension point="kodi.context.item">
		<menu id="kodi.core.main">
			<menu>
				<label>[COLOR limegreen]M[/COLOR]etalli[COLOR limegreen]Q[/COLOR] 4[COLOR limegreen]Q[/COLOR]ed</label>
				<item library="context_toggle.py">
					<label>Preferred toggle</label>
					<visible>!System.HasAddon(context.metalliq-forqed) + !Skin.HasSetting(Toggling)</visible>
				</item>
				<item library="context_movie.py">
					<label>$ADDON[plugin.video.metalliq-forqed 30602]</label>
					<visible>String.IsEqual(ListItem.dbtype,movie) + String.Contains(ListItem.Path, plugin.video.metalliq-forqed)</visible>
				</item>
				<item library="context_tvshow.py">
					<label>$ADDON[plugin.video.metalliq-forqed 30602]</label>
					<visible>String.IsEqual(ListItem.dbtype,tvshow) + String.Contains(ListItem.Path, plugin.video.metalliq-forqed)</visible>
				</item>
				<item library="context_live.py">
					<label>$ADDON[plugin.video.metalliq-forqed 30602]</label>
					<visible>[String.Contains(ListItem.FileNameAndPath, plugin.video.metalliq-forqed\\Live) | String.Contains(ListItem.FileNameAndPath, plugin.video.metalliq-forqed\\Live)]</visible>
				</item>
				<item library="context_playable.py">
					<label>$ADDON[plugin.video.metalliq-forqed 30622]</label>
					<visible>!System.HasAddon(context.metalliq-forqed) + !Skin.HasSetting(Contexting)</visible>
				</item>
			</menu>
		</menu>
	</extension>
	<extension point="xbmc.addon.metadata">
		<platform>all</platform>
		<language></language>
		<summary lang="en">TMDb, TVDb and Trakt browser</summary>
		<description lang="en">[COLOR lime]Browse The MovieDb, The TVDb, Trakt, The AudioDb and LastFM and pass info along to library or an addon to try and play it. Needs player-files and the appropriate addon to actually play.[/COLOR]</description>
		<supportedcontent>
			<content>movies</content>
			<content>tvshows</content>
			<content>episodes</content>
			<content>musicvideos</content>
			<content>music</content>
			<content>livetv</content>
		</supportedcontent>
		<assets>
			<icon>icon.gif</icon>
			<fanart>fanart.jpg</fanart>
			<screenshot>resources/preview/screenshot1.png</screenshot>
			<screenshot>resources/preview/screenshot2.png</screenshot>
			<screenshot>resources/preview/screenshot3.png</screenshot>
		</assets>

		<news></news>

	</extension>

</addon>
